@Its_just_Huong I will beat you !!! Always thought id be gryffindor so this is a whole new world for me üò®üò®üò® #excited #afraid,fear
‚ÄúWhat worries you masters you.‚Äù - Haddon Robinson @ChoGMinistries #Jesusisthesubject #worry #anxiety #anxious,fear
@RogueCoder250 We are in so much trouble!! I don't think the Rev will see the funny side of our project. #nervous,fear
@City_tv  is like the big bully in class ruining everyone's lunch but instead of taking our lunch money they took away family feud #bully,fear
@CharlieEblacker hate being shy üò©,fear
"@Varneyco @SheriffClarke I agree. Rioters destroy property, injure citizens, and threaten lives. We need a zero tolerance policy on riots.",fear
I'm shaking now.,fear
And they cover these police shootings fairly well they dont want to miss a chance to bully you,fear
@YahooCare data stolen in 2014 and only now do you tell us .,fear
This is the scariest American Horror Story out of all of them... I'm gonna have to watch in the daytime. ,fear
@BuzzFeed so this houses will get into my instestines and scare my poop and I'll shit my pants?,fear
The terror threat level really need to be raised,fear
#panic Panic attack from fear of starting new medication,fear
"@stephenfhayes Mustard gas = hostile work environment, not #terrorism; call #OSHA not #military",fear
Being forced into a fake hug by someone who didn‚Äôt flinch to get litigious with you in the past - #awful üòñüë∫üôÖ,fear
Noooooo @GBBOUK without #MaryBerry will be #awful #endofanera going 2b so #lost @Channel4 have bought a #lameduck there #notallaboutthemoney,fear
@priorJoan @MizQue \nActually pretty typical of trump supporters\nThis kid learned birtherism in school\nThat's horrific,fear
Has anyone else had a bad experience with Poundstretcher? #nightmare firm,fear
im crying katherine is the only one whos like talking to me during my anxiety attack im gonna faint,fear
@HMiglino @CParks777 @Coco_Wms @bodyfit67 @TruthEqualsFact @politicususa I have never been more anxious of a election in my life‚ÄºÔ∏è ,fear
I really want to go for fright night but I really don't üòÅ,fear
in my dream....They were trying to steal my kidney!!!  #blackmarket #whydidiwatchthat,fear
Didn't concede yet but having a nightmare at the back #MUFC,fear
My roommate talks and laughs in her sleep. It never fails to scare the shit out of me. üôÖüèΩüò≥,fear
"Everybody's worried about stopping #terrorism. Well, there's a really easy way: stop participating in it. -  Noam Chomsky",fear
@ChrissyCostanza and have social anxiety. There is many awkward things wrong with me. üòÑ,fear
Saga: When all of your devices and teles fail just in time for bake off  #gbbo,fear
@fatgirlhealthy @MBSCBILL ....so that what do to use violence and intimidation for a polictical agenda.; aka terrorism?,fear
"However the agent was inauthentic, my sister still loves me, &amp; I'm still alive. So I guess it wasn't that bad. #socialanxiety #anxiety",fear
White Americans are worried about Arab terrorists. Black Americans are fearful of a terrorist in a Police uniform on a daily basis.,fear
"@Montel_Williams If this ban goes through, it will harm so many people, disabled veterans, people who have #chronicpain,  #iamkratom",fear
@BBCPolitics @BBCNews I'd rather leave my child with @BorisJohnson #shudder,fear
Tremor!!!\n ,fear
A Lysol can got stuck in spray position and we're all slowly suffocating from the trash can that smells like a Febreeze factory. #panic,fear
"Bloody hell Pam, calm yourself down. But could have sworn something black &amp; hairy just ran across the carpet, #perilsoflivingalone ",fear
We're all in D. T. (Discipleship training or detox) for something. #messy #fearful #cutoff #choosefreedom #CryOut16,fear
"Came in to work today 1.5 hours late.1st thing I hear: 'Ma'am,the big boss has been waiting for you in his office.' #panic #hateBeingLate üò©üò™",fear
"@CornflakeDaddy @youngvulgarian Yeah, it was sooo horrific, I needed to sit down",fear
Time for some despair #SDR3  #fuckthisanime,fear
@RJAH_NHS @ChrisHudson76 @mbrandreth #course day # potential Leadership #excited #nervous # proud,fear
"@HillaryClinton Americans for HRC! Now maybe, as you see the world getting rid of terror to save their countries you'll get the  DEMS out.",fear
"In addition to fiction, wish me luck on my research paper this semester. 15-20 pages, oh boy. #daunting",fear
"@gdimelow @TheDailyShow @NivenJ1 @jordanklepper These interviews scare the crap out of me. I never imagined so many dumb, dumb Americans.",fear
US you need to band together not apart #nevertrump he promotes hatred and fuels ,fear
Being alone is better than being lonely. Know what is worse than being lonely? Being empty; that's right!\n #Loneliness #aloneinthecity ,fear
#India right of reply at #UNGA - #Pakistan preaching of human rights is by a country which is itself the global epicentre of #terrorism,fear
@AmyMek this is so absurd I could laugh right now (if I also didn't feel like crying for the future of our country).  #wakeupcall,fear
Background. Suffered a bit at times of #stress. Always a bit #shy. About 8 years ago (aged 30) I was made redundant. That's when it started,fear
When you're scared to press send #bgoodthepoet #PrayForMe #ThisIsAGodDream #career #help #fear #heart #HeartRacing,fear
I'm so nervous üò≠,fear
My doctor has taken a liking to poking prodding and drawing blood from me post dad. Over concern is nice but dear gawd needles :O,fear
Fingers crossed I can finish all my work early enough this Friday in time to catch @Raury at LIB üò¶  #timetogrind,fear
Round 2 #panic #pcola,fear
"Rooney ! Oh dear, oh dear ! Fucking dreadful üôà‚öΩÔ∏è‚öΩÔ∏è",fear
#tulsa - Police manufacture murder... Wonder why we carry burners...? - MaxLevelz ,fear
Home is where the heart lies ! Love my little island but my birth city just ain't acting right &amp; im not feeling too good about it #restless,fear
I need to learn to be in one place at one time and try not to worry about everything all at once,fear
There goes the butterflies in my stomach.  #anxietyproblems,fear
On @Varneyco/@FoxBusiness to talk latest on #Chelsea Bombing + #Ahmad_Khan_Rahami's trips to #Afghanistan/#Pakistan #tcot ,fear
Whenever you are confronted by a wild animal or hostile individual remember that they can smell #fear or the fact you #poop your pants.,fear
penny dreadful just cleaved off a fraction of my heart,fear
Someone wake me when @Therealkiss make 2016 remix of 'Why'‚ùóÔ∏èb/w #TerrenceCrutcher #Election2016 #colinkapernick #terrorism #riots this 2much,fear
"There's always that one song which makes you turn of the radio, as you'd rather sit in silence üò° #awful",fear
Been up since 4am. Too scared to go back to sleep #nightmare ‚Äî feeling scared,fear
"Shame on you @SkyNews showing an elephant being hunted and killed, ",fear
Why does having anxiety drain some much of your energy #anxiety #sotired #needtosleepforhours,fear
@christyfrink @stephenyeargin @El_Brandino I once hooked them up backward. Not recommended. #smoke #panic,fear
I was literally shaking getting the EKG done lol üôÑ,fear
@SadiqKhan #terrorism shouldn't be a way of life in the united etates and wasn't until #islam brought it here! #IslamExposed #islambacon,fear
If my concerns &amp; anxiety don't matter to you then I shall return the favor. #EyeMatter,fear
"@iSmashFizzle that's me all the time. I carry ginger candy, peppermint oil and sea-bands at all times #anxiety",fear
Tomorrow is the day I cut and dye my hair! üò≥ #nervous #excited,fear
First day of fall quarter tomorrow.  üò∞ #nervous #excited #anxious #blargh,fear
I had a dream that I dropped my iPhone 7 and it broke T_T #cry #iPhone7 ,fear
Pakistan is the biggest victim of terrorism - Nawaz Sharif \nReally? It should have been biggest creator of terrorism. #UNGA,fear
"In wake of fresh #terror threat and sounding of alert in #Mumbai, praying for safety &amp; security of everybody in the city #Maharashtra #news",fear
Still waiting to see if my @london2012track will make an appearance next week - two months today it was ordered #shocking #badservice,fear
@_MariaPetrova should have stopped after 'smiled'. Being rude=not the same as being funny.It was just being mean #bully  #stoppickingonwomen,fear
Fingers crossed I can finish all my work early enough this Friday in time to catch @Raury at LIB üò¶ #nervous #timetogrind,fear
@maggyvaneijk Old age?! No hope for the rest of us. Destined to become deatheaters by 50 #nightmare,fear
there are magpies gathering around me help I'm going to be swooped ! ,fear
Was actually just watching AHS while half covering my eyes #scared #Roanoke #nightmare #AHSRoanoke,fear
i met with an employment specialist this morning &amp; she basically told me its unlikely i'll get a job because i clearly have too much anxiety,fear
I thought the nausea and headaches had passed but lol I feel awful today,fear
If you think reason will prevail in this election remember that Hitler was elected by what was then a wholly 'reasonable' society. ,fear
I am beyond mad that I lost track of a brown spider in my brown carpet. Where did you go? üï∑ will be sneaking up on me #frightened,fear
‚ù§Ô∏éI... I can't! I'm scared! Bees terrify me.,fear
@officialShaky 'Operation Echoes' is gathering momentum ... #tense #nervous #feelsick #excited,fear
"Bilal Abood, #Iraq #immigrant who lives in Mesquite, Texas, was sentenced to 48 months in prison for lying to the Feds about #terrorism.",fear
I had really strange and awful dreams last night. I'd didn't even eat cheese before bed #nightmare #lovemysleep,fear
How do you ever stop being #afraid of someone that you live with,fear
@andreasarahco do you actually heely on campus bc this should scare you,fear
So I've decided to go talk to Mr. Smithrud about that creepy fucking guy since he gave me a fucking anxiety attack this morning,fear
"#heavyheart these last couple of days, who are the cause of this  #fear of losing someone close ? #amerikkka #kkkops #TerenceCrutcher",fear
like srsly somebody help me deal with this social anxiety,fear
"With only 7 months left until I possess my undergraduate degree, I feel like I can't handle adulthood anymore #anxiety #nojobsinbiology",fear
Just had my interview for the medical internship and I am beyond nervousüò© I was shaking so bad it was unrealüò≥,fear
@FoxNews Yeah we're also experiencing terrorist attacks by Islam and #BlackLivesMatter at an alarming rate.,fear
@SeanUnfiltered Texans are scared of this bunch! ,fear
And im not even going to get into how its discriminatory to several religions which mandate its followers to let their hair dread.,fear
@gowoonist i got that but you were alarming,fear
Hey @gmail why can I only see 15 sent emails? Where's the thousands gone?  #panic,fear
The Zika #Hoax Files: DEET is part of a binary chemical weapon targeting your brain: #Toxin #fear #neurological #USCitizens #Insect #mammal,fear
Fosu Mensah is having a complete nightmare! It's the reason all Northamptons attacks come from the left.,fear
"@DrColJ @drshow #Muslims have been in USA for ages. To think that Muslims commit #terrorism due to #Islam, you gotta be out of your mind.",fear
@SeanUnfiltered Texans are scared of this bunch! #intimidated,fear
Val having a nervous breakdown #floss #GBBO,fear
Now this is getting out of hand. I'm freaked out by this death...and I'm God!! #mommaGrendel ,fear
Okay. Brace yourself. I will attempt my first loaf of bread in the morning. I will use a dutch oven. I will make the dough now. #nervous,fear
So I just opened This message Brooke sent me got me I am weak as the fuck üò© she is a fucking bully for no reason üòÇüòÇüòÇüòÇüò≠üíÄ,fear
@megynkelly We should be ignoring these rioters like the current administration ignores #terrorism. This will obviously make it stop.,fear
Do you think humans have the sense for recognizing impending doom? #anxiety,fear
I want to slide into the dms but im too fucking shy #shy,fear
"It's pretty clear I can't stand @HillaryClinton, no tolerance for habitual liars. Not a Trump fan either so what's a citizen to do? #despair",fear
This brother know we know that his life was not in danger. This gun law got people in this country fearing for their life. White people.,fear
@Pamela_Moore13 @Ginlefebvre @BarackObama yes exactly &amp; he's sold out this country to #terror while #lying to cover it up,fear
Somewhere between  #hope and #despair the day after #meetingmyabuserincourt \n#DVSurvivor,fear
My roommate turns the sink off with her foot to avoid germs and a guy says 'YOUR roommate is feet girl?! I'm so sorry' plz help #nightmare,fear
I'm not afraid of clowns but I'm really hoping they don't make an appearance around my hometown.,fear
I'm scared that my coworkers are going to submit me to one of those 'wardrobe makeover' shows. #fear #fashion,fear
@wittyneeraj What is Shehla Rashid &amp; Kaniyah Kumar saying about you ? and when they say truth indians threaten them. #FakeDemocracy,fear
Recording some more #FNAF and had to FaceTime my mum to let her know I was okay after I let out a high pitched scream üòÇ #horror #suchagirl,fear
Ugh.. Why am I not asleep yet. Fml. I think low key I'm afraid I might miss something. #SleeplessNight #sleepy #restless,fear
üôÑ I just want to start all over again .,fear
"Swear to God don't get a smart meter from your power company, 8 months of daft bills, 6 visits from British Gas  #stressed",fear
#TerrorStatePak we r confirm that #navazsharif is post graduate distinction student of university of #terrorism. He can't spare himself.,fear
#terrorstatepak #pakistan is a #terror state,fear
Omg I actually thought she was going to jump. #bully #SouthPark20 #southpark,fear
"@Montel_Williams If this ban goes through, it will harm so many people, disabled veterans, people who have #chronicpain, #anxiety #iamkratom",fear
"@Ms_Asia_Pacific @jgsuing @PilosopoTanya @HuffingtonPost @HuffPostPol as a fellow UP grad, i shiver at the shallowness of his arguments",fear
Today was horrible and it was only half a day,fear
Wah just woke up frm a fucking nightmare,fear
@Lrihendry I'm not sure we like this comparison.  USA should emulate #Israel's methods of protecting civilians against #terror attacks,fear
Q&amp;A with N. Christie @westernuHistory: fr. @marybethstart: What would Peter and Dardanella think of us knowing? #poorthings #shy,fear
#tulsa - Police manufacture murder... Wonder why we carry burners...? - MaxLevelz #shake,fear
The moment you bring her to meet your best friend and you're nervous af! üò¨üòÜ  #thefriendtest,fear
"@ExaltedCaptain reality in the form of endless tragedies. She didn't know how to react at first, being too frightened to repeat another--",fear
"can only blame Jose ere why would you give Rojo another start after Sunday , fucking disaster waiting to happen &amp; it did shocking header !",fear
First College Math Test tomorrow #nervous,fear
"Ever been really lonely and your phone keeps blowing up, but you just can‚Äôt pick it up and respond to people? #anxiety #recluse  #issues",fear
@carlybigelow13 first you take the room now you wanna beat me up #bully,fear
"Just heard what happen at grandad hometown last night such a terrible news üíî, hope everyone okay üò¢",fear
@hollywooddivas @TMZ_Sports Idiots like Larry Sanders scare us All!How can Morons these days Rush 2 Judge #Police w/o all facts yet?FU thugs,fear
r U scared to present in front of the class? severe anxiety... whats That r u sad sometimes?? go get ur depression checked out IMEDIATELY!!!,fear
@ParamjitGarewal way to go #London. Nice job electing a #muslim #jihadist for mayor. Good luck with your future #terror attacks #sadiqkhan,fear
"@Doubtism I'm not on about history or  other people, I'm on about you. I've bullied no one, I make three posts and you attack #bully",fear
@C1TYofFL1NT This will haunt my dreams. @JoePrich,fear
"@ANI_news #Pakistan should stop cross border #terrorism if they really need solution for #KashmirIssue. @narendramodi sir, #India should act",fear
At #UNGA Pakistan clearly shows the face of cowardliness and blatant lies! Its time for #India to act upon terror.,fear
An @amityaffliction kind of drive home from work today #nightmare #dailyfeels,fear
"#ObamaLegacy - weekly #riots and #terror attacks, &gt;400k dead #Syrians, #Jews fleeing #persecution in Europe, #Christian #genocide in ME.....",fear
Can't believe @haven ring my parents NOW when they go tomorrow to say no disabled washing facility for my wheelchair bound dad #shocking,fear
So she goes first. She gets her book signed &amp; I can barely take their picture cuz I'm shaking üò≠üò≠üò≠üò≠üò≠,fear
And it pisses me off more they killed people who surrendered. Hands up and all. If hands visible you shouldn't be fearing for your life,fear
@CBCNews Canada should be a driving force of democracy freedom rights - instead we help #dictator #misogyny #Sharia #Islam  #polygamy,fear
@wowairsupport it world be great if the live support was actually helpful #nightmare,fear
My bus was in a car crash... I'm still shaking a bit... This week was an absolute horror and this was the icing on the cake... ,fear
#Muslims are the principle victims of #terrorism. More Muslims are dying at the hands of these #terrorists than anyone else. #YounusAlGohar,fear
@rockcock64 cum and despair,fear
"Idk why but this Time around its so hard that it hurts, I already miss them all so much #silly #family #friends #nervous",fear
"Jesus wept! Another RNS from #rusty @metaltigerplc quote 'Price sensitive news, Price Sensitive news' etc etc The #Ramping here is #shocking",fear
@RoseTintMyWorId fucking hell mate absolute nightmare üòì,fear
Democracy doesn't work\n #mob #mentality #mass #hysteria  #mongering #oligarchy,fear
Tremor!!!\n #tremor,fear
im like 'this is better' in the moment cuz i panic and then later its so obviously not better. at every opportunity i choose to make it seem,fear
"It's pretty clear I can't stand @HillaryClinton, no tolerance for habitual liars. Not a Trump fan either so what's a citizen to do? ",fear
@mgcsartwork I nearly started crying and having a full on panic attack after tatinof bc of the crowds so I feel him,fear
#Obama #DOJ have destroyed USA!These #CharlotteProtest are acts of #terrorism dating back to #Ferguson Terrorism is how it should be treated,fear
@Sami_3499 Oh noooo!  #nomorehammocks #nightmare ;),fear
I stepped into the shower and my spidey senses tangled. I immediately looked up and saw a spider directly above my head. #terror,fear
Unruly kids at 8am in the morning #nothanks ripping the flower beds up by the roots while their parents watch #shocking,fear
"I'm okay, dont worry. I wish i'd been a better kid. I'm trying to slow down. I'm sorry for letting you down.",fear
this Mac update has me some kind of apprehensive.,fear
bout to read this article 'Moving the Conversation Forward: Homosexuality &amp; Christianity' from someone in the foursquare church #nervous,fear
"#ntfc mourinho is worried,  bringing Ibra  and Rushford on.  #panic",fear
Don't wanna really go out but I can't say no. Deffo have a fear of missing out,fear
horrid having a car n no liscence,fear
@ZachZaidman  shocking,fear
Andrew's hands start shaking and he says 'I hope I die.. like right now',fear
It's unbelievable that security guard acting like a gangster trying 2 threaten me and tell me what to do with my own home. #terrify #annoy üò°,fear
I had a panic attack when I couldn't find @katrinalaw on #Twitter Turns out my Twitter is a jerk. I can still see her. #NyssaAlghul ,fear
@BartholomewD It's -terrible-! We're going to the local fish/chip place in Kirribilli #terrible,fear
@NRA @HillaryClinton  She never said anything about taking away guns but I would now bc of your stupid scare tactics for gun sales.Sickening,fear
"I'm used to bears, I'm used to coyotes, I love the idea of wolves. But this is hard. I don't want to be fearful of the meadow or the pines.",fear
Being alone is better than being lonely. Know what is worse than being lonely? Being empty; that's right!\n#Loneliness #aloneinthecity #fear,fear
not only was that the worst @EGX that's I've attended but worth one of the worst cons I've been to in the last 5 years #terrible,fear
"Kernel panic = sweating, sneezing, hiccuping, snot, tears, crying. Clearly my body has an issue with chilli.",fear
@prw190 #zionist = #terror \nImagine this kid was a #Palestinian or #Muslim\nZionists stealing #innocence of childhood from #Jewish #children,fear
"#Pakistan is ‚Äòterrorist state‚Äô, carries out #war crimes: #India to @UN.\n #UNGA  #UN",fear
I'm so over having anxiety,fear
@PridefulSamurai horrible things,fear
#beyond naming &amp; shaming ; lies a vast space b/w #sanctions &amp; #terror state...v *wait til Others #impose it...&amp; do not hv COURAGE #ourselves,fear
Watching It Follows.  This is a super freaky movie.  #scary,fear
Ugh I want to punch a wall every time I have to use @windows 10. Literally the worst product ever made #windows10  #killme,fear
@nytimes I'm trying to imagine the first response of a President Trump to an act of terror. The thought itself terrorizes me.,fear
"#America finding #gratitude amidst the sadness and frustration about race, #fear, anger and #racism, i remain hopeful _ i'm an earth fixer'",fear
My anxiety is playing around HELP!!!!!,fear
"A country that gave safe house to #Osama Bin #Laden is dangerous if not contained. #Pakistan is a #terror heaven, declare so @BanKimoon_amdg",fear
Mary Berry and her reign of terror,fear
"@Megannn_walsh12 @itsshelleeey never said that,Just not fair how Yous think it's completely okay to bully someone",fear
Angel got me nervous out here üò∑,fear
@ryleycathryn @Mack_Shepp did you discover the alarming rate at which bees are dying and how important they are to our way of life?,fear
@JaySekulow what can we do 2 get @realDonaldTrump 2 reveal his taxes? That is the immediate danger. But u will not answer me. ,fear
what to wear Friday \nspeaking in front of 100's.   #nervous,fear
@RogueCoder250 We are in so much trouble!! I don't think the Rev will see the funny side of our project. ,fear
"my boyfriend once forcibly stopped all of my anxiety coping methods at once (holding me, forcing my hands down that kinda stuff) and I --",fear
@tchop__StL @YouTube \nI get sick to my stomach everytime I see this video &amp; for the helicopter crew to make such comments is revolting.,fear
I feel horrible. I have accounting today but physically and mentally am not okay üò™,fear
I #cry out #fear to clear a #path\nBut my Voice seems 2 silent 2 chase a #rat\nAm just indoor #expecting to open door\na #weak wise #fool I am,fear
Onus is on #Pak to act against #terror groups which find all types of support for cross border terror: #MEA,fear
@curlygirlmimi guess is cause you small and girly. I dunno how this works.. I did frighten though.. She's. A big'un,fear
@MrsCassonC @15_jordyn WAS THERE A CLOWN IN YOUR NEIGHBORHOOD? #nightmare #creepy #EnoughIsEnough,fear
"#PeopleLikeMeBecause they see the happy exterior, not the hopelessness I sometimes feel inside. #depression #anxiety #anxietyprobz",fear
"@BBTooms This is perfect example of why what paul said about her, was right.  One of the most ignorant competitors ive seen. #bully #c$%t",fear
Panic attacks are the worst. Feeling really sick and still shaking. I should be a sleep. #anxiety #depression,fear
Celtic sure know how to send a wild shiver down your spine,fear
@BaileyDemented @hsmitty3 ill kill u if u bully her üò§üò§üò§,fear
Was actually just watching AHS while half covering my eyes #scared #Roanoke  #AHSRoanoke,fear
Time for some despair #SDR3 #despair #fuckthisanime,fear
Look at this #massiah of #youngleader\n#Pakistan #massiah of #terrorism,fear
A Lysol can got stuck in spray position and we're all slowly suffocating from the trash can that smells like a Febreeze factory. ,fear
@MrMalky @kwr66 How awful! Switched off!,fear
@HMiglino @CParks777 @Coco_Wms @bodyfit67 @TruthEqualsFact @politicususa I have never been more anxious of a election in my life‚ÄºÔ∏è #fearful,fear
@markhberman2003 @LanceZierlein @790blessing entire team from coaches on down played and coached scared from jumpstreet. #intimidated,fear
@AnthonyEinzig I'm so sorry. This is heartbreaking and so scary. If it can happen there it can happen anywhere. Please be safe üôèüèª #terror,fear
Putin feels it acceptable to bomb &amp; kill aid workers. Soon he may be sitting at the same table as Trump!! #Armageddon #USApleasedont #horror,fear
When City Hall has the fire alarm go off and it's been 15 minutes and the fire department still isn't here,fear
Look at me. Made it through the day without a meltdown. #anxiety,fear
still shaking though üôÉ,fear
I dread math üò¥,fear
@WaterboysAS I would never strategically vote for someone I don't agree with. A lot of the Clinton vote based on fear and negativity.,fear
"However the agent was inauthentic, my sister still loves me, &amp; I'm still alive. So I guess it wasn't that bad. #socialanxiety ",fear
#internationaldayofpeace : When white supremacists terrorize everyone of differing cultures online and will continue it offline tomorrow.,fear
"@brendancoots where's your outrage that your party nominated a lying, corrupt person? And received donations from nations who support terror",fear
procrasting is fun until im an hour away from the time its due and i still havent finished so i have a panic attack,fear
Nawaz Sharif's UN should start #‡§∏‡§§‡•ç‡§Ø_‡§¨‡•ã‡§ß_‡§Ø‡§æ‡§§‡•ç‡§∞‡§æ as after all his #UNGA speech has awaken the world about their role in sponsoring #terrorism,fear
"What a shamefull, unequal, dangerous and worrying world we live in nowadays!  #terrifying #Charlotte #terrorism #shitworldforourkids",fear
"Tomorrow is going to be a challenge, I have to talk at a freshers fair to STRANGERS üòÅand pick up my new flat keys #anxiety",fear
two major banking stocks down almost 15 to 20 % from their highs while benchmarks still close to top it is a sure #worry for markets,fear
0 excitement for this weekend just pure dread,fear
Home is where the heart lies ! Love my little island but my birth city just ain't acting right &amp; im not feeling too good about it ,fear
second episode of AHS 6 here i go #panic,fear
Hope I sleep - no nightmare of Bakewell tarts #yuk #revolting #GBBO,fear
@Patsy1207 @markheardusa @theinquisitr Do your fuc*ing job and report the news.Just another bully to go in the basket.Freedom or fear???,fear
üò´ ughh I just want all this to be over.. it's like a nightmare! can we all just get along?,fear
@JaySekulow what can we do 2 get @realDonaldTrump 2 reveal his taxes? That is the immediate danger. But u will not answer me. #afraid,fear
@LBC - I can't read this article but headline indicates a horror story. Lock sick chavs up and throw away the key.,fear
I seem to alternate between 'sleep-full' and sleepless nights. Tonight is a sleepless one. üòï #insomnia  #notfair,fear
Ôò´ ughh I just want all this to be over.. it's like a nightmare! can we all just get along?,fear
There is nothing like being in the shower when the power goes out üò≥ #creepy ,fear
-normal people scare me*,fear
Scott Dann injured aka my worst nightmare,fear
Jimmy Carr makes me want to cry and cry *shiver* ,fear
Librarians scare me,fear
Saga: When all of your devices and teles fail just in time for bake off #panic #gbbo,fear
Trust me to lose my wallet and have to call Lifeguard &amp; Swimmers social early as VC @YSJFC #nightmare,fear
@rsdeepsea @BreitbartNews If 3 people are in a country of 300 million - you are going to RUIN the whole country over 3 people? ,fear
Panic attacks are the worst. Feeling really sick and still shaking. I should be a sleep.  #depression,fear
When you arrive at the office the day before your first ever festival and the Internet is down #panic,fear
@GuardianAus @Paul_Karp Maybe 49% support no #Muslim immigration cos they perceive the risk of #Islamist ideology &amp; #terrorism as too high?,fear
"It'd probably be useful to more than women, but I'm dealing with re-reading an article about a woman being harassed on the subway. #concern",fear
@YahooFantasy update may have been the worst mistake of my day #horrible,fear
"#WeirdWednesday OKAY! That jump-scared the #Poop out of me right there. Bad dog, BAD! Total code-brown in my favorite pants. #Damnit ",fear
Today has dragged on #restless,fear
"@JackAndAHat butter up the walls, nightmare",fear
Putin feels it acceptable to bomb &amp; kill aid workers. Soon he may be sitting at the same table as Trump!! #Armageddon #USApleasedont ,fear
I hate freaking out and ruining things. #anxiety,fear
i'm... nervous about this test rip,fear
"@tcarrels  \nSo when exactly did you lose your mind, pal? \n #Trump #fraud #misogynist #liar #psychopath #narcissist  #conartist",fear
Ugh.. Why am I not asleep yet. Fml. I think low key I'm afraid I might miss something. #SleeplessNight #sleepy ,fear
I'm getting so nervous for my first anatomy exam üò©,fear
"@ChickOfBeauty No!  By Y'all I mean rioting, fire starting, business burning, looting ASSHOLES!  That create  #BlackLivesmatter #terrorism",fear
Why is it so windy? So glad I didn't ride my bike. #fear #wind,fear
"bad news fam, life is still hard and awful #depression  #atleastIhaveBuffy",fear
@AldiToHarrods I'm still too nervous to try it. I need to man up and give it ago.,fear
"@Sami749263491 yeah whatever, whahibbi are #muslims just a sect, as you know,  #islam is synonymous with #rape and ",fear
@littlepieces Customer services got involved and eventually completely wash their hands of it. #awful #dreamornightmare,fear
I really wanna take advantage of UofW's gym but i'm shy af.,fear
#NawazSharif confesses that #Pakistan  supports #terror at #unga\n#BurhanWani,fear
World is facing #terrorism. Where #Terrorist's school exist? Who are terrorist's teacher &amp; father. Which is terrorist's motherland?,fear
#amwriting #horror in the dark and a loud creaking door noise is coming from the kitchen. There are no doors there to creak. WTF.,fear
@DDNewsHindi  #UNGA no talks should be carried out with Pakistan now ... His mouth stinks of #terrorism #UriAttack,fear
US you need to band together not apart #nevertrump he promotes hatred and fuels #fear,fear
Knowing I have my hair to wash and dry is like knowing you had that English close reading in your school bag to do #dread,fear
#AnthonyWeiner #DISTRACTION #what is really going on? #selection #election #Syria  #race #riots #GasCrisis2016 #NoDAPL #rape,fear
#ahs6 every 5 minutes I've been saying 'nope nope I'd be gone by now.' 'MOVE' or 'GTFO' so thank you for the #fear,fear
I think I may have a mild anxiety problem. I think that's what this feeling may be..,fear
@sandrosmom The horror!,fear
I forgot #BB18 was on tonight üò≥ that is how much the real world has been distracting me #horrid üôÖüèºüôàüôä,fear
Editing a father of the bride speech. At 3 minutes in she tells him to wrap it up. He goes on for 12 more minutes. #nightmare,fear
we shiver in the pause between words \nabandonment still fresh upon the tips of our tongues,fear
Grim and despair feeling-I look at self and my family. Hubby fought 20+ years for this country. I've worked 20+ years for this govt--&gt;,fear
@RossKemp Omg that is just horrific. Something needs to be done. üò¢,fear
@carlymarierozy @makeupsue it's sad but now we are making our own children vulnerable to the same terror.,fear
Your boy' is having a nightmare @VivaLaSergio,fear
"I'm not afraid to love, I'm afraid of not being loved back.",fear
"In #Bangladesh war, #US almost bombed us had #Russia not been there. What strategy for #China on #Pakistan? Time ripe to crush #terror camps",fear
"Idk why but this Time around its so hard that it hurts, I already miss them all so much #silly #family #friends ",fear
These mets know how to give someone anxiety #mets #lgm #anxiety @mets,fear
@FoxNews also we are having riots and protests at alarming rate every time there's a person of color that is shot.,fear
a pedicure is supposed to be nice but honestly I'm so nervous rn my feet are too ticklish,fear
Don't understand reason for #Muslim countries citing #terrorism as reason for not taking #refugees. Aren't #terror attacks against infidels?,fear
That feeling you get when you know the information but scared you might do bad on a test #collegelife #nervous üò•üò•,fear
"@politico If they say the words radical Islamic terrorist, will that somehow make the terror groups drop their weapons?",fear
Job interview in the afternoon #nervous #ek,fear
He replied to my comments 4 times now i'm shaking omg,fear
If you think reason will prevail in this election remember that Hitler was elected by what was then a wholly 'reasonable' society. #fear,fear
Angelino's been horrific,fear
@dfkm1970 @tomddumba the struggle is real. Whoa! I worry for the younger generation üíî,fear
"Even death is unreliable. Instead of zero it may be some ghastly hallucination, such as the square root of minus one.  Samuel Beckett",fear
@dc_mma @ChampionsFight think shes afraid to fight Holly. One can only imagine what goes through her head when she thinks of Cyborg ,fear
@rsdeepsea @BreitbartNews If 3 people are in a country of 300 million - you are going to RUIN the whole country over 3 people? #fear,fear
"@JennyPGR I worry about typos in any email to Simon, draft attached or not...",fear
@OutdoorLoverz is this a bridge if I have to drive on such I will stop breathing Yooo I can't I'm to afraid,fear
Hope I sleep - no nightmare of Bakewell tarts #yuk  #GBBO,fear
@datboyJuniorE lool soon as man start loosing weight.  Its panic,fear
I Don't know what make #Pakistan fear more their #terrorist or their #terrorism  #TerrorStatePak,fear
Just want Saturday to be over but then again I want to do good #LSAT #nervous,fear
On @Varneyco/@FoxBusiness to talk latest on #Chelsea Bombing + #Ahmad_Khan_Rahami's trips to #Afghanistan/#Pakistan #tcot #terror,fear
Overtime... #TeamNA #WCH2016 #nervous,fear
"Tired of people pretending Islam isn't one of the most misogynistic religions, it's no coincidence Muslim countries are terrible for women.",fear
Gonna get some acupuncture today for all my damn anxiety üôÉü§ï,fear
I am about to be a coward and I feel terrible. But I can't even face this üò≠,fear
"#internationaldayofpeace Want peace,prepare for war. Destroy terror states like Pakistan",fear
Donnie trumpeter is a vapid and vacant vile viper slithering through the landscape and playing on the gears of the fearful and afraid.,fear
@jjskeffington @foodbelfast I dread to think!,fear
"#WeirdWednesday OKAY! That jump-scared the #Poop out of me right there. Bad dog, BAD! Total code-brown in my favorite pants. #Damnit #horror",fear
"After #terror our leaders say, 'Don't jump to conclusions,' but [in matters of #racial unrest], they are silent. Why is that? @greggutfeld",fear
Man city's kit is dreadful!,fear
"Welp, I'm off to get my #anxiety meds now. #Empire",fear
The Apocalypse has hit our gym and it's  nothing what I thought it would be...\n\nEveryone is wearing vests! What if it's contagious? ,fear
When you get to a point as an officer that you are in fear for your life you sir need to change professions,fear
The #movie Vantage Point makes my palms sweat EVERY time I watch it!!! #nervous üò•üò•,fear
@caseycdutch @m_rath that's what some rioters are doing #terrorism,fear
@AHSFX thanks Ryan &amp; Brad for scary the shit out of us in the first episode. Don't think my heart will make it through the s6 #horrific,fear
Have the producers of @soverybritish ever been outside of their country? These are universal problems. #worldwide #anxiety,fear
@BraveHermione_ + and gives it to hear] 'Please.. I can tell you anything if you want to listen. maybe you're dont afraid anymore of me +,fear
"Watched the movie, friend request at 2am awhile ago in a dark cold night and it was one of the bad choices I've ever made. #nightmare üò∞",fear
@ikhras @benglaze Amal Clooney should try to prosecute  #Bush/ #Blair for #war crimes that turned our World upside down&amp;created #terrorism,fear
@jndtech horrible.,fear
"@NancyErvin4 The most ghastly thing is the silence from the #AARP. Trump says he won't touch SS, but his tax plan belies that.  Huge cuts.",fear
how maybe it was with you and your parents..that I would understand you and your fear of indifference from your own mom and dad..,fear
@kateemick what a nightmare,fear
@Bridget_Delia @originalaubs omg that's terrible,fear
"My interview went well today, I can't wait to find out what happens. #nervous #excited #interview #jobinterview",fear
I stepped into the shower and my spidey senses tangled. I immediately looked up and saw a spider directly above my head. ,fear
Skydive booked üòÅüòÅ #nervous üõ©,fear
Being bad at time management is finally starting to come back to haunt me.,fear
"Shame on you @SkyNews showing an elephant being hunted and killed, #shocking",fear
@Twitch how do I stop that horror movie themed commercial? Suddenly hearing screams is really not making me want to watch twitch. ,fear
"Sounds like Donald Trump has spent today just making extra, extra sure he'd get those frightened white, conservative, racist votes.",fear
@gingermckchav @MichCorsilles @ArevaMartin @HarvardBLSA @ShareblueMedia Apparently nothing like the terror cops have of black people.,fear
Georgia Tech's Secondary is as soft as a marshmallow.  #horrible,fear
"I wish I could fast forward 3 months from now, I'll know then where I'm at with my girl, my classes, and basketball. Rn I have pure #anxiety",fear
Just feel awkward that I'm being timid to everyone.,fear
üò≠ a #nightmare just woke me up üò≠,fear
@Koishiteruze she was scare not knowing what to do,fear
induction day tomorrow for pizza express #nervous,fear
@ScmCIafIin 'Don't you know how nervous I was to see you?',fear
@ashish_geol @getPakistanTV @HamidMirGEO .. Have you give thought to Khalistaan? \nNo concern of you Baluchistan !! Kashmir is an Issue.,fear
The fact that we have a presidential candidate that speaks the way Trump does is alarming. I thought higher of my peers. #FDT16,fear
Democracy doesn't work\n#mob #mentality #mass #hysteria #fear #mongering #oligarchy,fear
"@Markgatiss I'm surrounded by those Trump voters. You're right, it is fucking terrifying. #redstate #despair",fear
I have to finally tell my therapist about my sexuality ... last frontier ... not sure I can do it in the AM #fear #SingleGirlProblems,fear
Can't believe how nervous I feel tonight...who feels the same #mufc,fear
I'm so nervous,fear
"@Tik115 Issue with that is, will the effort involved get back the amount I put into it? That's what I'm fearful of.",fear
Dates in the glove box' is pure panic excuse #GBBO,fear
Feeling like I've had the worst night of sleep ever - not great before the #London to #Brighton #cycle ride for @DMTFYP üö¥100k ?,fear
Super shitting it about this tattoo ,fear
There is nothing like being in the shower when the power goes out üò≥ #creepy #panic,fear
Why are all of these people leaving Blizzard??? D: It's giving me a frighten!,fear
"I love my mother, but talking about the recent horrific murders with her is exhausting. Is this really how America feels?",fear
Maybe @SamHeughan can send me good luck on my job interview tomorrow. #nervous üò≥,fear
@DaniQays @AJENews ohh.. so here comes sense from terror supporting stone pelting vandalizing ppl who gather b4 protests to announce ...,fear
@laura221b I don't think I've ever moved so fast in a panic in all my life üòÇ Gave me such a fright üòì,fear
@Amphabio don't kill it bees are dying at an alarming rate,fear
Last night my stomach was hurting and today I have a horrible headache. I can never win,fear
How can America be so openly embracing racism. ,fear
"Avoiding #fears only makes them scarier. Whatever your #fear, if you face it, it should start to fade. #courage",fear
im literally shaking bc im nervous and bc its fucking cold oh how i love life,fear
I know this is going to be one of those nights where it takes an Act of God to fall asleep. ,fear
anxiety level- 100,fear
"# ISIS REFERENCES SCRUBBED?  Federal complaint against suspect in NYC, NJ bombings appears to omit terror names in bloody journ...  #news",fear
Plus why did I have a baby 4 days before Christmas this is gonna haunt me forever!!!,fear
The Apocalypse has hit our gym and it's  nothing what I thought it would be...\n\nEveryone is wearing vests! What if it's contagious? #afraid,fear
When you arrive at the office the day before your first ever festival and the Internet is down ,fear
"@komaebun He just has that way of thinking, he wants absolute hope born from absolute despair.",fear
That moment of #panic when your zipper gets stuck when you're in the #bathroom and you realize the only way out of your jeans is #scissors,fear
Why does having anxiety drain some much of your energy  #sotired #needtosleepforhours,fear
@Fly_Norwegian quite simply the #worst #airline #worstairline I've ever used! #shocking #appauling #dire #dismal #beyondajoke #useless,fear
@BigBossPeltonen \nLikewise #death #cutting #despair,fear
#terror test ................,fear
Don't faint. New Cisco IOS vulnerabilities were announced yet again. What would be shocking? If they‚Äôre patched this week by users.,fear
@ducktapepr @midnightaction @juliea592 @catherinerusse2 I dread to think... #DirtyPeople,fear
@sphiwememela...its bad.I am fearing for my lifeüôè,fear
So not pumped for this interview #nervous,fear
"Swear to God don't get a smart meter from your power company, 8 months of daft bills, 6 visits from British Gas #nightmare #stressed",fear
I have serious separation anxiety üò≠üò≠üíî,fear
I don't want speak front to him #afraid #intimidate #nopanicattack,fear
@lhbrown1990 @Jimcummingsacme I'm afraid to look!,fear
@missmeliss465 @WellWeds @siggyflicker @whispernghope @mcrichard awe I feel so bad being naive ou is the worst,fear
@GuardianAus @guardian because there is a realistic probability that a clown might be their next president. #clown #uspol #nightmare,fear
"@jk_rowling never thought an angry oompa loompa would be my Boggart, but there you have it. #boggart #PresidentTrump #nightmare",fear
"Migraine hangover all day. Stood up to do dishes and now I'm exhausted again. GAD, depression &amp; chronic pain #anxiety #depression #pain",fear
#AnthonyWeiner #DISTRACTION #what is really going on? #selection #election #Syria #terrorism #race #riots #GasCrisis2016 #NoDAPL #rape,fear
10 page script due Friday for class. Who said I could do this MFA thing?  #GradSchoolProblems #someonetelltinafeytohireme,fear
@theurbanologist the tunnels! I shudder to think of the grimy tweets...,fear
@KimPiggie @kristasaidthis oh every people can make tipo. It is terrible bullying them about that. It's trvial and very sad.üòî,fear
I just deleted my save file trying to load it up. Now I have to start. All. Over. Again. I am going to freaking kill someone. Pray for me.,fear
and I'm up from a dream where I said something really retarded on twitter and it got like 10000 retweets #nightmare,fear
"When your body says FUCK YOU BITCH, You ain't sleeping\n#sleep #cantsleep #drained #restless",fear
We ashamed of being an ally to you. Pakistan sacrificed almost 50000 civilians by siding you in war on #terror @JudgeTedPoe,fear
‚ÄúThe #greatest fear #dogs know is the #fear that you will not come back when you go out the #door #without them.‚Äù   \n  ‚Äï#Stanley #Coren,fear
i had a panic attack the other night because i thought my mum was out but she was actually downstairs and she started bashing around hrjdjd,fear
Body is sleepy but the mind is active. So sad... Have to get ready for work in 30 minutes. Damn! ,fear
I have a job interview with @BarclaysUK in Loughborough next month #nervous!!!,fear
The focal points of war lie in #terrorism and the #UN needs to address #violentextremism,fear
"Ignored broken tooth for so long, now have abscess. Need dentist but #fear makes it hard for me to go..45 and still can't go to dentist",fear
&gt;.&lt; too much clutter in my brain with recent little changes that I haven't yet processed... #dying #panic #IveBeenBusierWhyAmIOverwhelmed :(,fear
I'm such a shy girlüôÑ,fear
even walking around with my family members who carry guns makes me nervous and theyre my family....,fear
The 2008 crisis was just the tremor In advance of the earthquake',fear
a panic attack AND CALL YOURSELF A REAL FAN makes me so mad like i dont even have the words to explain. this is why some people give no +,fear
"@erickogi @citizentvkenya @OfficialJMbugua but at what price. The near misses are too many, am afraid it may translate into something else",fear
@AmyMek this is so absurd I could laugh right now (if I also didn't feel like crying for the future of our country). #despair #wakeupcall,fear
"What a shamefull, unequal, dangerous and worrying world we live in nowadays! #terrifying #Charlotte  #shitworldforourkids",fear
@camilluddington the fact that YOURE nervous makes me want to crawl in a hole,fear
@SherriEShepherd because #whitepeople are #afraid of large #blackmen?,fear
@Budget  car rental you have made realize why I always use @nationalcares!!!!  What a #nightmare!!  #disgusted,fear
#NawazSharif says India poses unacceptable conditions to dialogue.#India's only condition is an end to #terrorism. :@MEAIndia,fear
I realized that it is not #death that I #fear but it is the act of dying. \n#life,fear
Fuck me....what the fuuuuuuuck did I just watch?!?! #STAGESCHOOL is awful.....no that flatters it!! #shocking üòÆüëé,fear
Accrington Stanley? Who are they? Exactly. Things looking dire for West Ham despite the win. What's changed since March? #bbcfootball,fear
"Ever been really lonely and your phone keeps blowing up, but you just can‚Äôt pick it up and respond to people?  #recluse #issues",fear
When your friends want to go out drinking but you know you gonna have to say no because social #anxiety runs your life,fear
First day of college feeling nervous,fear
I get soooo nervous when an actually attractive guy tries to talk to me in person. Like 9/10 I turn him down just from habit üò≠,fear
@RussiaInsider Really sad &amp; surprising. 1 side #Russia fighting against #IS &amp; on the other supporting #Pak which is epic centre 4 #terrorism,fear
#India is sponsoring terrorism in #Balochistan. #KulbhushanYadav an Indian spy agent was arrested in Balochistan by Pakistani forces.,fear
the day they disclosed they caught her googling cholroform we were fucking aghast,fear
@TimesNow indian army crossed loc into pok to bust terror camp on 20th Sept night?,fear
"From harboring Osama bin Laden to its relationship with Haqqani network, there is enough evidence to prove Pakistan is sponsoring terrorism",fear
Last night I had a dream that today was Christmas. I woke up screaming because I wasn't ready. ,fear
#ADHD &amp; #anxiety are #IRRELEVANT\nAnyone will be #EVICTED if a significant amount of rent HAS NOT BEEN PAID \n#mentalhealth aside\n#CantPay,fear
"@DatelineNBC this is a sight, sound &amp; smell to behold in person--still gives me the creeps to think about. ",fear
Watching It Follows.  This is a super freaky movie.  #horror #scary,fear
@jk_rowling @Riverfeather207 Donald Trump in the White House #shudder,fear
"@ChickOfBeauty No!  By Y'all I mean rioting, fire starting, business burning, looting ASSHOLES!  That create #BlackLivesmatter ",fear
"My wedding is in two weeks and I'm actually really nervous. I just want things to go right, I don't want to get sick or get canceled ;;",fear
my husband lost ¬£800 when he booked an apartment through @Airbnb that didn't exist... @AirbnbHelp didn't care #nightmare #airbnbnightmare,fear
Beginning the process to see if working is an option. #mentalhealth #complexptsd ,fear
If I could turn anxiety off--I would. #nooneunderstands ,fear
#Debates2016 #AskTrumponeQuestion why do you #bully and # insult #people so much more than any other candidate in history? Not leadership,fear
#NewYork: Several #Baloch &amp; Indian activists hold demonstrations outside @UN headquarters demanding Pak to stop exporting #terror into India,fear
Just had to reverse half way up the woods to collect the dog n I've never even reverse parked in my life üôÑ ,fear
Retweeted Dr. Rand Paul (@RandPaul):\n\nStop fueling a Middle East arms race and worsening an already horrific refugee crisis in Yemen.,fear
A nation with a large part of the population living in #fear  of the police is neither #great nor #free  - it's actually a #fascist  nation,fear
"By officialy adopting #BurhanWani, a #Hizbul terrorist, #Pakistan n #NawazSharif hv md a cardinal mistake 2day tht'll haunt fr years. #UNGA",fear
Set n alarm '@Innocentia_T: I wanna nap but I'm scared I'll wake up tomorrow .',fear
Nothing worse than an uber driver that can't drive. #awful,fear
"Rollover car crash on warren st, traffic is horrid #Boston",fear
I'm just always too shy,fear
"i hope this comes back to haunt you, then maybe you would know just how it felt to be like me at my lowest",fear
I'm such a shy person oh my lord,fear
I get so much PUSSY\nP - panic attacks \nU - uncontrollable anxiety \nS - suicidal fantasies \nS - sadness \nY - yearning for death,fear
"@CBSThisMorning @newsgirl123456 again, profiling DOESN'T discourage (September 20, 2016; 18:41 EDT) #terror #TRUMP #FAIL",fear
Sickness bug! #awful,fear
How I Murdered Your Mother #SpookyTv #horror,fear
I can never find the exact #emoji that I'm after at the exact moment that I need it #panic,fear
She was so posh it frightened me. I'm still scared.,fear
@NaziaMemon01 yeah a terror packed terror supported speech..,fear
T minus 10 hours till I meet with a designer who wants me to model his new fashion line üò¨üò∂ !!!,fear
"This is the first time I've written anything on this series in over two years, so I'm checking back in for one last nightmare.",fear
@corruptmelon now im feeling the #worry,fear
How can America be so openly embracing racism. #dismayed,fear
Go away please ... I'm begging ¬ª¬ª¬ª #depression #anxiety #worry #fear #sadness \nDreams of joy and my baby to be found...Sits on #AndisBench,fear
@chloemcaleese what a nightmare!,fear
"#Pakistan is ‚Äòterrorist state‚Äô, carries out #war crimes: #India to @UN.\n#UNGA #terrorism #UN",fear
"The more videos @PanicAtTheDisco  post, the more i am convinced i might should not have done that #fear #Brendonati",fear
Can't even believe just seeing you set my anxiety off üñï,fear
im so tired but i still have thisbhuge history test in a few minutes i cant afford to get freaked out now oh god if i have an anxiety attack,fear
I'm going to get the weirdest thank you note--or worse--total silence and no acknowledgement. #anxiety,fear
@p4pictures it would be great but what if the card crashes üò±. It's happened to me twice #nightmare,fear
Paranoia is a fear every races has,fear
"When you wake up, scroll through social media, and another father was taken from his child #nightmare #everyday #KeithLamontScott",fear
onus is on Pakistan' : @MEAIndia after #Uri #terror attack,fear
I'm so restless,fear
And I cried in front of my guy last night. And it's just been a horrible week but it's only for a week,fear
My life is going downhill at an alarming rate,fear
Just had to reverse half way up the woods to collect the dog n I've never even reverse parked in my life üôÑ #nightmare,fear
Some of these fb comments and/or tweets should make some people realize why black Americans feel the way they do üò≥ ,fear
"@News24 #FMF protesters aren't interested in reasoned debate, just #intimidation #violence &amp; #disruption to get demands met",fear
The anxiety I have right nowüò≠üò≠üò≠,fear
The horrible puns for the day have been made. I shall return to my cage in a dark corner by myself while crying &amp; laughing hysterical now.,fear
@GuardianAus @guardian because there is a realistic probability that a clown might be their next president. #clown #uspol ,fear
"@AllyTheRipper @ProoF @SpaitoGaming every horror movie that frightened me as a child i.e. 'IT', Halloween movies all of them, nightmare on..",fear
@LucasDrakeH @realDonaldTrump @GenFlynn @RandPaul @trump2016fan terrorist attack and terrorism already exists in the history of islam.,fear
mm nothing like a good old fashioned panic induced cry on your living room floor,fear
"@todofuku dreadful day at work n now im gonna be late for class n im covered in paint, n now i have to work a night shift too :/",fear
What an actual nightmare,fear
More #terror attacks on #India means something ominous for #Pakistan The current situation can't last long,fear
hi my names anxiety and i have shaun,fear
#Malaysian police arrest 4 people for suspected links to #terrorism including three #foreigners\n\n#Malaysia,fear
"bad news fam, life is still hard and awful #depression #anxiety #atleastIhaveBuffy",fear
@dilancliff @jackcourtney95 @ConnorGarnett1 Connor said he's worried that Jack will steal his girls on a night out #nervous,fear
I'm so old next Friday. So super oldüò©üíî I dread birthdays,fear
I seem to alternate between 'sleep-full' and sleepless nights. Tonight is a sleepless one. üòï #insomnia #anxiety #notfair,fear
I have a fear of failure but no urge to be productive,fear
"@ShannonBeador we know the truth about her, the public is figuring it out. Her words mean nothing.  #unhappy #mean #troubled #vile #bully",fear
Why do I have such bad anxiety it's annoying,fear
@AHSFX thanks Ryan &amp; Brad for scary the shit out of us in the first episode. Don't think my heart will make it through the s6 ,fear
I don't know how people can binge watch horror films ...ALONE!üòìüò∞,fear
Put my passport in a safe back after getting back from Australia üåè. Only problem is now I can't remember where the safe is!! #panic üõÇ,fear
"@BBCNews üòù scared of their own horror story they wrote, afraid of the #terror they spread, will #europe start WW3 in 2017 anniversary of WW1",fear
THIS BOOK IS FRICKING INSANE LIKE HOLY CRAP. #panic,fear
Watching Paranormal Activity: The Ghost Dimension. I'm not sure how I feel about it yet. #horror,fear
I feel like I am drowning. #depression #anxiety #falure #worthless,fear
"@Sami749263491 yeah whatever, whahibbi are #muslims just a sect, as you know,  #islam is synonymous with #rape and #terrorism",fear
@wwcummings @USATODAY this individual is clearly trying 2 #intimidate this #LEO I see an issue here. STOP CAUSING ISSUES by pushing limits!!,fear
Got to be up in 4 hours to go back to work #cantsleep #excited #nervous,fear
Onus is on #Pak to act against #terror groups which find safe havens and all types of support for cross border terror: #MEA,fear
Late night #thoughts. Feeling #restless.,fear
@KennyCoble @Rosie these horrific situations will only get worse if trump is elected. vote Hillary.,fear
Need good vibes for my doctors appointment tomorrow! #nervous,fear
Bout ta get my @dontbreathe on up in here! @WarrenTheaters #nervous #icantholdmybreaththatlong,fear
mmmm i'm kinda sad i hope i can shake this before school,fear
This is awful,fear
I would just give her with their naked body. #afraid,fear
wow if i need to start over on SIF im prob gonna just die,fear
@Chic_Happens_ @Sean_Okeeffe1 @royalmusing I dread the comparisons to Queen M√°xima. Guarantee I will lose followers when that happens.,fear
6. 5 minutes to perform and I'm #nervous I wish these noises would stop #handicapped #annoyed,fear
Life long fear of havin a shit and a spider crawls up ya bum,fear
"When your body says FUCK YOU BITCH, You ain't sleeping\n #sleep #cantsleep #drained ",fear
there are magpies gathering around me help I'm going to be swooped ! #terrorism,fear
.@morningmika &amp; her @HillaryClinton Super PAC @Morning_Joe @MSNBC in full #panic mode over @realDonaldTrump #momentum!\n\n#TrumpPence16 #MAGA,fear
"He accusd India of HR violations in Kashmir BUT refusd to name India's role in fomenting terror in Pakistan through TTP, BLA &amp; MQM.shame #ZH",fear
if Man U lose i may actually have a nervous breakdown,fear
@qdoba omg I'm so slow bc my eng is not very well and my hands are shaking uhh help meee I'm like this lil chicken now üê•#MoreisBetter,fear
"With only 7 months left until I possess my undergraduate degree, I feel like I can't handle adulthood anymore  #nojobsinbiology",fear
"@AnsarAAbbasi John Kerry fckd u,chief justiceofpak made the statement publicly about party supporting terror what else u need#terrorstatepak",fear
"Woke by #nightmare @ 3AM, couldn't sleep any more, so took a #UseAllTheHotWaterShower. Now I have time to read.",fear
Idk if it's hella hot in here or I'm nervous,fear
I'm a nervous wreck omg,fear
"@PanicAtTheDisco hey, y'all announced it like immediately after I asked. Nice. Thanks y'all #panic",fear
If I could turn anxiety off--I would. #nooneunderstands #anxiety,fear
why won't you let me go? do i threaten all your plans? im insignificant,fear
"@westelm tells me my order will ship on Sept 12, arriving by Sept 19. Today is the 22. üòê #lies #terrible #whereismyfurniture",fear
@RosieBalls I fear for the future of mankind,fear
I had a dream that I dropped my iPhone 7 and it broke T_T #cry #iPhone7 #nightmare,fear
@mikebairdMP @AndrewConstance @nswtaxi how many sex cases u need before u guys learn UBER is shocking to the consumer unregulated,fear
There goes the butterflies in my stomach. #nervous #anxietyproblems,fear
@Phin_MacCool That‚Äôs shocking,fear
@NinjaWorrier @ali_zimmer @m_pattison How long ago was that? (I shudder to think.),fear
"@Markgatiss I'm surrounded by those Trump voters. You're right, it is fucking terrifying. #redstate ",fear
"me, myself, and I \n #horror movie alone again tonight maybe a #zombie would eat me and finish my life game already - i want #gameover",fear
Jimmy Carr makes me want to cry and cry *shiver* #awful,fear
"I walked 3.4 miles today, the most I've walked since I got #rhabdo. Going back to work tomorrow.. here's to hoping it goes okay #nervous",fear
Today's alarm shows how unprepared professors and students are when it comes to emergency protocols. We don't know where to go @CalStateLA,fear
"jimmy_dore: RaisingTheBoss we've already lost our country and our government to oligarchs, but their fear tactics still work it appears.",fear
my husband lost ¬£800 when he booked an apartment through @Airbnb that didn't exist... @AirbnbHelp didn't care  #airbnbnightmare,fear
i am SO anxious all the time leaving the house is horrid,fear
I'm a walking ball of stress and anxiety lol,fear
Looks like I'm going in for my op just over a week or so early! #nervous üôàüôàüôà,fear
Another fun fact: i am afraid,fear
How am I supposed to intimidate the freshman if half of them are taller than I am??,fear
@Burnt_Out_Darth @theaterofscifi thanks. #nightmare,fear
@ibishotelsuk @ibisHotels_FR @ibishotelbr @ibishotel @ibishotelBDG @ibishotel1 to give me my keys back. They aren't for my house! #shocking,fear
Dunno y am going to the Yorkshire scare grounds when I only lasted a minute in the Alton towers one before running out a fire exit crying,fear
@riinkanei he's a horrible person and now i gag when i see people quote him,fear
Job interview in the afternoon  #ek,fear
"If purging was real, Kenya would be the country where the elite purge from choppers while the low-class cower under their beds for 12 hours",fear
@UNHumanRights @UNDP_Pakistan wat an irony? #Pakistan lecturing the world on curbing #terrorism,fear
Do you think humans have the sense for recognizing impending doom? ,fear
Bring on my interview at hospital tho üôàüôà #nervous,fear
i'd let jiho step on my throat but he'd probs be afraid he'd hurt me,fear
I had a panic attack when I couldn't find @katrinalaw on #Twitter Turns out my Twitter is a jerk. I can still see her. #NyssaAlghul #panic,fear
@peacexxanna your nightmare,fear
"@DatelineNBC this is a sight, sound &amp; smell to behold in person--still gives me the creeps to think about. #shudder",fear
"How the fuck do we #live our lives admiring everybody that ever just did something to #win it, then be #afraid to even try to do it yourself",fear
I feel ghastly and I'm really hoping it's just a post-birthday slump. Back to full research mode tomorrow either way.,fear
@bobcesca_go @sesmithesq \nDidn't Florida 2000 teach you anything? I live here in Palm Beach County and lived through that nightmare.,fear
@HotRodArchie @qadkins79 I have noticed since #HillarysHeath has become an issue the left is going full panic mode. #NTAC,fear
@GeneralBakshi Only Indian seems to be afraid of War is @sardesairajdeep n like India is for WAR! WAR! WAR! we cry war. #PakistanMustPay,fear
I have another test tonight #nervous,fear
both afraid of all the same things,fear
"Malins with another surging run forward almost sets McCreadie up at the far post.  Decent game for the neutral, nervous for @Lewes_cfc fans",fear
Well this is flipping great! Flipping standstill on the freeway! #anxiety #stepofftheledge #youvegottobekiddingme,fear
"If I'm working and I know you're working., keep in touch with other woman cuz you make me nervous... #OffTop",fear
@MikeGrunwald Anything is better than a Trump ramble. He is awful. Truly truly awful.,fear
Just had a massive argument with my alarm today... I didn't want to get up. I don't know how we're going to fix this by tomorrow morning üòï,fear
It's 5:55am. I'm hungry but there is no food. #panic,fear
Wish I could convince the rest of my children to go to their fucking preschool and elementary schools with fear of gun violence.,fear
"David's #anxiety is going to send him home. As someone who also suffers, learning to look normal is an essential coping skill. #survivor",fear
We're all in D. T. (Discipleship training or detox) for something. #messy  #cutoff #choosefreedom #CryOut16,fear
@katlute which one....the one where u threaten violence? Or the phedophiliac u support?  Or the constitution violations he proposes?,fear
I've realized my anxiety is at an all time high when I'm in my office. I feel prisoned here and I pick up on bad energy.,fear
My bus was in a car crash... I'm still shaking a bit... This week was an absolute horror and this was the icing on the cake... #terrible,fear
"Im not a #nervouswreck, Im a #nervous #pileup. #GoingCrazy #HelpMe #Insane #Antisocial",fear
im tired of people telling me the worry about me when in fact they probably never gave a fuck about me,fear
I think I must scare my coworkers when I'm eating like a rabid animal on my breaks #srry,fear
Appropriate that first secretary at permanent mission is tasked with demolition of #terror state #Pakistan - Like 'renunciation of lies' bit,fear
Looks like #India is finally taking #Pakistan n it's #terrorism to task.#uriattacks.,fear
@mar_de_palabras But I do think we need to experience a bit madness &amp; despair too. This is the stuff that makes us human.,fear
"I start work tmrw yall, i'm nervous lol",fear
@tomsteinfort expected i thought #fear,fear
@AfroNewtzz also your car hahahah 'oh we've broken down lemme just rearrange the car quickly' #nightmare,fear
Val downing a bottle of vodka there to stop her from shaking! #GBBO,fear
#Afghanistan Vice President Sarwar Danish slams #Pakistan for breeding #terrorism during UNGA address\n@UN #USA,fear
Seeing huge or really full  backpacks on people fills me with anxiety,fear
@excalibater I'm very shy irl and lately I feel like everyone's doing their own thing and I don't fit in anywhere and I feel lonely :(,fear
when people hit on me i try to shake them off by talking about how i hide from communism,fear
Breaking out in hives for the first time since college finals. #anxiety sucks,fear
This is the scariest American Horror Story out of all of them... I'm gonna have to watch in the daytime. #frightened,fear
@susanbrodigan @lyricconcert Ha yes- the look of despair!,fear
@hoystweet Are the pre-purchased tickets being sent soon? Coming to the Saturday evening show... tickets are a no show! #panic #hoys üê¥ü¶Ñ,fear
We in our own country are so divided in our approach so how could we fight #terrorism and #pakistani terrorism #MartyrsNotBeggars,fear
I want to slide into the dms but im too fucking shy ,fear
"@JonRiley7 #VoteYourConscience or succumb to #fear? 'He is #scary, he is #dangerous!' -@HillaryClinton's #alarmist #PATRIOTACT platform.",fear
@p4pictures it would be great but what if the card crashes üò±. It's happened to me twice ,fear
@Naya_Eclissu + me!'\n\nAnd that's when she suddenly became quiet as her lips started to tremble \n\n'...........Naya'\n\n'I don't want to +,fear
"It feels like there are no houses out there for us. With the most basic requirements I have, there are literally no options. ",fear
On the way to Laser Vista ... lens implantation ... #LaserVista #nervous #happy,fear
My doctor is giving me flower extract to relieve anxiety and reduce panic attacks :'),fear
I hate having ideas but being too afraid to share them üòî,fear
"Arguing with these people doesn't work anyway, they just threaten to put you in death camps.",fear
"@MEAIndia: Virtually every statement by other countries at #UN has referred to #terror as main threat to peace, #Pak still in denial.",fear
day 2 of the thread and i thing he doesn't like me like that. idk he's so shy and secretive... ugh.,fear
"Migraine hangover all day. Stood up to do dishes and now I'm exhausted again. GAD, depression &amp; chronic pain  #depression #pain",fear
Now this is getting out of hand. I'm freaked out by this death...and I'm God!! #mommaGrendel #intimidation,fear
"@latenightdaryun pfft, as if anyone undergoing the constant ongoing horror of sapient consciousness has any trust in themself anyway",fear
"@twlldun @bbcquestiontime @JacobReesMogg @leicesterliz @normanlamb @CarolineLucas @JuliaHB1 Oh god, not Brewer again. The horror, the horror",fear
@Bwana86 I can fear that someone is always following me everywhere I go. Does that make it true??,fear
Left my phone in Mcds #panic,fear
"They're both awful in their own ways, but just saying. The way he treated Aniston alone makes him a nightmare male narcissist to be avoided.",fear
one ep of despair arc made me happy but and then i'm going back to future arc and i'm upset again.,fear
"I feel really nervous, or anxious. Idk. My leg keeps shaking. Hmm",fear
I have to finally tell my therapist about my sexuality ... last frontier ... not sure I can do it in the AM  #SingleGirlProblems,fear
"Being stuck in the roof of your house provides amazing view but sheer terror of falling down, kinda like life",fear
I know this is going to be one of those nights where it takes an Act of God to fall asleep.  #restless,fear
@SusannahSpot I could pop round #nightmare,fear
This weather making me dread work tonight,fear
"It feels like there are no houses out there for us. With the most basic requirements I have, there are literally no options. #discouraged",fear
@alivitali that's what I'm afraid of!,fear
I'm afraid she's the goat you libeling people? #afraid #goat #libeling,fear
"@annafifield @washingtonpost all hands on deck at the post and in the msm as trump starts to lead in oh, fla, NC, NV, CO. #panic",fear
"üò©üò©üò©üò© heads melted, very tired but can't sleep. #nightmare",fear
"Wine drunk is the worst version of myself ffs, don't even remember seeing basshunter #shocking",fear
@jshayevitz @Israel is a #bully worse than #hitler a #demon under #human guise.. its the cause of all #MiddleEast problems!,fear
Girls with hairy arms scare me,fear
"Bake off on TV and the Match on my phone, what a nightmare I'm so stressed #GBBO #NTFCVMUFC",fear
Caballero having a nightmare #sweeperkeepernot,fear
"Bloody hell Pam, calm yourself down. But could have sworn something black &amp; hairy just ran across the carpet, #perilsoflivingalone #nervous",fear
Feeling like I've had the worst night of sleep ever - not great before the #London to #Brighton #cycle ride for @DMTFYP üö¥100k #apprehension?,fear
@BigBossPeltonen \nLikewise #death #cutting ,fear
I hate freaking out and ruining things. ,fear
i had a hard time falling a sleep and woke up several times because i was afraid of bugs crawling on me and i ended up waking up with a bite,fear
"Virtually every statement by other countries at UN has referred to #terror as main threat to peace, #Pak still in denial: MEA.",fear
@zorefx you guys will see what i did in the next video but its fucking horrid,fear
PASTOR - 15 FEET away from shooting victim during protest says he is skeptical of official story.  #CharlotteProtest #CharlotteRiot,fear
Super shitting it about this tattoo #nervous,fear
"2day's most used term is, #terrorism, with many addresses and forms. On my #opinion, the only form of terrorism in this world is, injustice!",fear
@MaryamNSharif I think just becz u have so much terror in pak nd urself being  a leader u forgot d difference btw a leader nd terrorist !,fear
"Hey @PapaJohnsUK I've been charged ¬£40.24 on my credit card 4 an order which never arrived last Friday, any chance of a refund!! #nightmare",fear
Can we go back 2 weeks and start again ?? This is seriously dreadful,fear
@CapehartJ agree!  Those latest polls #alarming,fear
Heyyyy warriors!!!!! #anxiety #panicattacks,fear
Body is sleepy but the mind is active. So sad... Have to get ready for work in 30 minutes. Damn! #restless,fear
I am beyond mad that I lost track of a brown spider in my brown carpet. Where did you go? üï∑ will be sneaking up on me ,fear
I dread this drive every Wednesday üò©,fear
Rojo is shocking.......absolutely shocking !!!,fear
Beginning the process to see if working is an option. #mentalhealth #complexptsd #nervous,fear
It's a Moving Day! #stress  #hope,fear
@danisnotonfire you made me cry and shake to the point where my parents had to calm me down and give me calming tablets...,fear
What the fuck is he even doing ? He should be off that's fucking horrific !,fear
to shake and my mouth was chattering and I couldn't take right because all of my body was trembling so I went outside,fear
So nervous I could puke,fear
"God, I've been so physically weak the whole day. So much shaking :(",fear
Starting to get butterflies in our tummies about tomorrow...who will win?! #nervous @IPMCOGSAwards,fear
The time has now come that we have to combat this wave of #terrorism with the right tools of the trade. - HH @YounusAlGohar #BanWahhabism,fear
@CP24 And I hope when the police met him at the subway that they took him straight to jail üòï ,fear
@williamcontrol just preordered The Pale EP... Would have paid for the phone call... But I would have freaked out and not said anything #shy,fear
Cosplaying properly for the first time on Saturday! Pretty nervous..,fear
something incredibly terrible about my life is i'm 23 years old and still suffering through group projects..........,fear
Ffs üôà when things come back to haunt you... cringe bad cringe üôãüèºüëÄüî´ üëà what a terrible gun that is,fear
also i had an awful nightmare involving being sick where worms were involved i was so disgusted when i woke up,fear
#Aleppo city is burning. The head of #terrorism #Assad regime &amp; #Russia are bombarding the city right now with #whitephosphrus #bombs !,fear
I get so nervous even thinking about talking to ****** I wanna die,fear
The more I watch this documentary on @Channel4 the more I think @Airbnb is more a #nightmare than dream #dreamornightmare,fear
@MrsCassonC @15_jordyn WAS THERE A CLOWN IN YOUR NEIGHBORHOOD?  #creepy #EnoughIsEnough,fear
ugh!! this is the worst!! i didn't read at all this whole first month of school and i have a unit test on friday!!! awe man!!,fear
And here we go again üòì #restless,fear
I can't imagine keeping malice with my brothers!! I shudder when I see siblings estranged and all,fear
T minus 10 hours till I meet with a designer who wants me to model his new fashion line üò¨üò∂ #nervous!!!,fear
3:45am and off to the hospital! Elouise's waters have gone! #panic #Labour #LittleSister #superexcited,fear
"‚ä∞ @FrameOfAnAngel ‚ä± \n\n+ Of them. I'm here for answers, and if I scare her to death, there won't be answers for me. \n\nSo instead, I just +",fear
@skyfootball manchester united...still untrusted iam afraid i might loose my bet,fear
Last night I had a dream that today was Christmas. I woke up screaming because I wasn't ready. #nightmare,fear
today afghanistan tell us where the terrorism is planned whaaaooo#UNGA,fear
"tomorrow will be the last episode of despair arc, so much shit is gonna happen i'm not emotionally prepared...",fear
me: loves being the center of attention in every way\nalso me: gets nervous to talk in front of class,fear
@_miasienna ITS ALREADY FUCKING 1 ... Ok well I love having panic attacks in the afternoon,fear
but throughout that entire thing I was shaking rlly bad and my heart was racing and I was almost in tears lmao (thanks mr.*****),fear
"Does this blow your mind as much as it blew mine, or did I just sexually harass someone? #WHOA #Mindblown #huh #setback #fright #madashell üòÇ",fear
The whole idea f a nation revolves around Kashmir &amp; global terrorism: evrn don't care their kids dying of hunger. #NawazFightsForKashmir,fear
@Delta stuck on runway after being diverted to Fargo. Continuously told just 10 more mins for the past 4 hours. No food/water offered #awful,fear
"@nigglydz lydiaaaa, we were the only ones that were supposed to know that you make me nervous üò∂",fear
I hate when people say 'I need to talk to you or we need to talk.' My anxiety immediately goes up...,fear
Need good vibes for my doctors appointment tomorrow! ,fear
#TerrorStatePak @sardesairajdeep Pakistan invitadated 4 times in India and why we worry to invade our own land #PoK?  Which is disputed.,fear
When you just want all the attention #cantsleep #nervous,fear
The moment you bring her to meet your best friend and you're nervous af! üò¨üòÜ #nervous #thefriendtest,fear
searching for what pro and academic writers have to say about #writing #anxiety and #writersblock,fear
Tho we haven't talked Jeff but the news is so sad and shocking. R.I.P Jeffrey,fear
Gosh #anxiety attacks turning into #Panic attacks are fucking ugly ....,fear
Why do people gotta start so much drama ? Shoot me ‚òπÔ∏è,fear
Biggest #THREAT 2 #GLOBAL #STABILITY? #climatechange #food #water #security #terrorism #russia #war #trump #clinton #geopolitics #korea $vwo,fear
@twinfjournal @TwinningLife111 @KCtwinflame @TFUnion1111 @Para_Priestess @cupidpoetry I went thru the same thing yesterday #panic better2day,fear
Fuckin restless,fear
Watching Paranormal Activity: The Ghost Dimension. I'm not sure how I feel about it yet. ,fear
Just got done watching Jeepers Creepers it was epic #horror #horrormoviesarebest #movies #movie #horrorfilm üé¨üìΩüé¨,fear
I absolutely love having an anxiety attack halfway through a family meal,fear
"It's amazing how something gets stuck in your head, and you can't shake a memory...  Sometimes, I miss people a lot.  Wish they knew.",fear
"@schokokitsune As much as I always eat....so no. -w- \n\nBut I shake all the time, so eeeeh. Maybe I should go see a doctor 'cause of it .w.",fear
"That heart pounding, goosebumping nightmare experience! üò® Woke up 3:00 in the morning with that scary, bad dream of mine. üò∞",fear
Just over a week until I start my new job in F1! Looking forward to it and cacking myself at the same time! #nervous,fear
@DSWT I despair at this madness! It's beyond #shocking it's cold blooded murder!  How long will #SouthAfrica stand by &amp;watch #WorldRhinoDay,fear
Another day Another flight üôà  I swear my last ever @easyjet flight!!!! You take the LOVE out of flying #easyjet #horrific #alwaysdelayed,fear
Now #India is #afraid of #bad #terrorism.,fear
I lost my blinders .... #panic,fear
@AnthonyEinzig I'm so sorry. This is heartbreaking and so scary. If it can happen there it can happen anywhere. Please be safe üôèüèª ,fear
10 page script due Friday for class. Who said I could do this MFA thing? #panic #GradSchoolProblems #someonetelltinafeytohireme,fear
"@Miami4Trump Yeah, but bad part is the #terrorism #terror Muslims won't be the ones leaving #ObamaLegacy #nationalsecurity #disaster #Obama",fear
@officialShaky 'Operation Echoes' is gathering momentum ... #tense  #feelsick #excited,fear
@economictimes World knows #Pakistan is an epicentre of #terror. The #pakistan speech in UN has define their agenda,fear
realising you have no conditioner after already shampooing üòìüòì #nightmare,fear
Some questions you get on Twitter make you want to despair. We've been so battered. We complain but aren't convinced things could be better.,fear
@Twitch how do I stop that horror movie themed commercial? Suddenly hearing screams is really not making me want to watch twitch. #anxiety,fear
@JonnyOwenFilm @ringsiderobbie1 can you remember that train Sunday after Froch v Kessler ? #nightmare,fear
My #anxiety is rising tonight and I'm not sure why. Sometimes I wonder if I'm a magnet for any free-floating anxiety in the universe.,fear
üôÉ back to school aka back to social anxiety üôÉ,fear
onus is on Pakistan' : MEAIndia after #Uri #terror attack,fear
Heyyyy warriors!!!!!  #panicattacks,fear
It's a Moving Day! #stress #panic #hope,fear
When you're scared to press send #bgoodthepoet #PrayForMe #ThisIsAGodDream #career #help  #heart #HeartRacing,fear
Haven't gotten one hour of sleep... Today is going to be a fun day üòê #restless,fear
"Im not a #nervouswreck, Im a  #pileup. #GoingCrazy #HelpMe #Insane #Antisocial",fear
I feel like I am drowning. #depression  #falure #worthless,fear
@joey_coops yes Hun! Avoid at all costs!! #nightmare,fear
So going to local news immediately after #DesignatedSurvivor turns out to be a smooth transition. 'Chaos! A raging fire!...' #media #fear,fear
@TeaPartyOrg Hes right when the Civil war starts it will be wall to wall terrorism and i don't fancy the Muzzy's chances,fear
@WunderlistHelp are you guys still down? When can we go up? #panic,fear
"Does anyone know, are both Sims in a dual sim phone both locked to the same network! #worry",fear
"#PeopleLikeMeBecause they see the happy exterior, not the hopelessness I sometimes feel inside. #depression  #anxietyprobz",fear
@coopah Worst than going to the morgue to do a positive ID. #horrible Reuters,fear
"i might have #hysteria ,i don't kno if it's just #anxiety or both,..need a diagnosis cuz somethin' is messed up,need ert bu i nvr come out",fear
"just looked at wood's goal again and i dont think his first chance is that bad a miss, horrible height hit hard and level,did well to hit it",fear
in my dream....They were trying to steal my kidney!!! #nightmare #blackmarket #whydidiwatchthat,fear
So not pumped for this interview ,fear
with terrorism a booming industry in Pak and govt. oblivious of the fact wt happens within its territory Talking Kashmir is Deranged,fear
"üò©üò©üò©üò© heads melted, very tired but can't sleep. ",fear
I don't want speak front to him   #nopanicattack,fear
